Listing Title,Listing URL,Image URL,Marketplace,Price,Currency,Shipping,Units Available,Item Number,Seller Name,Seller URL,Seller Business,Seller Address,Seller Email,Seller Phone
Multi Functional &gt; 6L Customaized Sea Shipping High QualityAirFryerWholesale,https://sunglorycompany.en.made-in-china.com/product/FtYrEZIonycH/China-Multi-Functional-gt-6L-Customaized-Sea-Shipping-High-Quality-Air-Fryer-Wholesale.html,https://www.micstatic.com/common/img/space.png?_v=1760440855225,Made-in-China,31.2,USD,,,,GUANGZHOU SHANGGUAN MACHINERY CO.LTD,https://sunglorycompany.en.made-in-china.com,Sun Glory Industry is an engineering company,"LTD








                                                    Guangdong, China",,
Quart Large Convection Digital LCD Touch Screen Oilless CookerAirFryer,https://goodseller-household.en.made-in-china.com/product/cQhrykPEsmUC/China-Quart-Large-Convection-Digital-LCD-Touch-Screen-Oilless-Cooker-Air-Fryer.html,https://www.micstatic.com/common/img/space.png?_v=1760440855225,Made-in-China,28.5,USD,,,9874123698,"Good Seller Co., Ltd",https://goodseller-household.en.made-in-china.com,Our company,"Floor 5, No. 113 Qiushi Road, Beiyuan",,
Kitchen Equipment 5L Suitable for Low-Fat Kitchen Cooking Oil-Free SmartAirFryer,https://nbhaixing.en.made-in-china.com/product/PYKpuBoJVnVQ/China-Kitchen-Equipment-5L-Suitable-for-Low-Fat-Kitchen-Cooking-Oil-Free-Smart-Air-Fryer.html,https://www.micstatic.com/common/img/space.png?_v=1760440855225,Made-in-China,14.9,USD,,,,"Ningbo Seastar Convergence Technology Co., Ltd.",https://nbhaixing.en.made-in-china.com,Ningbo Seastar Convergence Technology Co.,"Yongqiang Building, Ningbo, Zhejiang",,
Premium 8L Smart Electric DigitalAirFryerwith Touch Screen,https://tradehubpro.en.made-in-china.com/product/LwIackiMhqTf/China-Premium-8L-Smart-Electric-Digital-Air-Fryer-with-Touch-Screen.html,https://www.micstatic.com/common/img/space.png?_v=1760440855225,Made-in-China,28.0,USD,,,,"Anhui Yihui Yihuang Technology Co., Ltd.",https://tradehubpro.en.made-in-china.com,Trading Company,"4th Floor, Room 2119, Building 3",,
Wholesale Manufacturing Home Appliances Sliver Crest DigitalAirFryerMachine,https://zsfabulous.en.made-in-china.com/product/PJNRrEBvYsYz/China-Wholesale-Manufacturing-Home-Appliances-Sliver-Crest-Digital-Air-Fryer-Machine.html,https://www.micstatic.com/common/img/space.png?_v=1760440855225,Made-in-China,8.8,USD,,,8516609000,"Zhongshan Fabulous Electrical Appliance Co., Ltd",https://zsfabulous.en.made-in-china.com,Zhongshan Fabulous Electrical Appliance Co.,"5th Floor, No. 3, Nanguang Road",,
China Manufacturing Stainless Steel Fashionable Industrial Commercial Electric Kitchen Appliances IndustrialAirDeepFryerwith Digital Touchscreen,https://8c37dd67a2b49b36.en.made-in-china.com/product/UOhfvgXrXVGW/China-China-Manufacturing-Stainless-Steel-Fashionable-Industrial-Commercial-Electric-Kitchen-Appliances-Industrial-Air-Deep-Fryer-with-Digital-Touchscreen.html,https://www.micstatic.com/common/img/space.png?_v=1760440855225,Made-in-China,20.0,USD,,,8516609000,"Ningbo Laien Electric Co., Ltd.",https://8c37dd67a2b49b36.en.made-in-china.com,Ningbo Laien Electric Co.,"Chong Shou Town, Ningbo, Zhejiang",,
High QualityAirFryerChina Supplier,https://jiayeworld.en.made-in-china.com,https://www.micstatic.com/common/img/space.png?_v=1760440855225,Made-in-China,,USD,,,,"Zhongshan Jiaye Electric Appliance Co., Ltd.",https://jiayeworld.en.made-in-china.com,"Post Sourcing Request











                                    Zhongshan Jiaye Electric","No. 51, Donghai West Road, Dongfeng Town",,
Wholesale Stainless Steel Multi Healthy DigitalAirFryerOil Free Convection Multifunctional Hot Electric Oven,https://sinopedoptronic.en.made-in-china.com/product/ZpBYiUsTZQVF/China-Wholesale-Stainless-Steel-Multi-Healthy-Digital-Air-Fryer-Oil-Free-Convection-Multifunctional-Hot-Electric-Oven.html,https://www.micstatic.com/common/img/space.png?_v=1760440855225,Made-in-China,13.8,USD,,,,"Eunics Technology Co., Ltd.",https://sinopedoptronic.en.made-in-china.com,Eunics Technology Co.,"No. 858-3 Hunnan District, Shenyang, Liaoning",,
Jewin 7.8LAirFryerStainless Steel Decorate Digital Touch Screen Visible Window,https://cnqinyou.en.made-in-china.com/product/snDpLEIxuXcQ/China-Jewin-7-8L-Air-Fryer-Stainless-Steel-Decorate-Digital-Touch-Screen-Visible-Window.html,https://www.micstatic.com/common/img/space.png?_v=1760440855225,Made-in-China,22.5,USD,,,8516609000,"Ningbo Jewin Electrical Appliances Co., Ltd.",https://cnqinyou.en.made-in-china.com,Ningbo Jewin Electrical Appliances Co.,"RM1506, Building MC, NO.385 Tianzhi xiang Yinzhou District",,
OEM 8 in 1 Automatic Smart 5L ElectricAirFryer,https://tonzeelectric.en.made-in-china.com/product/yEURQvxKIupL/China-OEM-8-in-1-Automatic-Smart-5L-Electric-Air-Fryer.html,https://www.micstatic.com/common/img/space.png?_v=1760440855225,Made-in-China,26.0,USD,,,,"Shantou Tonze Electric Appliance Industrial Co., Ltd.",https://tonzeelectric.en.made-in-china.com,Shantou Tonze Electric Appliance Industry Co.,"West of Unit C3, Nanshan Bay Industrial Park, Binhai Street",,
Home KitchenAirFryerOven 1600W 10L Electric DeepFryers8 Cooking Presets OillessAirFryerwith Timer,https://kerongfs.en.made-in-china.com/product/cAVUTMwbrWhF/China-Home-Kitchen-Air-Fryer-Oven-1600W-10L-Electric-Deep-Fryers-8-Cooking-Presets-Oilless-Air-Fryer-with-Timer.html,https://www.micstatic.com/common/img/space.png?_v=1760440855225,Made-in-China,30.0,USD,,,,"Guangdong Kerong Electrical Appliances Co., Ltd.",https://kerongfs.en.made-in-china.com,"Post Sourcing Request
















                                    Guangdong Kerong Electric","No. 4 Erheng Rd., Tianhe Ind Zone, Rongli",,
Factory Price High Quality Smart Kitchen Appliances Digital Control MultifunctionalAirFryer,https://sunglorycompany.en.made-in-china.com/product/uTOYIJcPJCWQ/China-Factory-Price-High-Quality-Smart-Kitchen-Appliances-Digital-Control-Multifunctional-Air-Fryer.html,https://www.micstatic.com/common/img/space.png?_v=1760440855225,Made-in-China,31.2,USD,,,,GUANGZHOU SHANGGUAN MACHINERY CO.LTD,https://sunglorycompany.en.made-in-china.com,Sun Glory Industry is an engineering company,"LTD








                                                    Guangdong, China",,
1 Year Touch Screen Customaized Digital ControlAirFryerWholesale,https://sunglorycompany.en.made-in-china.com/product/ZapRxKiVXyWl/China-1-Year-Touch-Screen-Customaized-Digital-Control-Air-Fryer-Wholesale.html,https://www.micstatic.com/common/img/space.png?_v=1760440855225,Made-in-China,31.2,USD,,,,GUANGZHOU SHANGGUAN MACHINERY CO.LTD,https://sunglorycompany.en.made-in-china.com,Sun Glory Industry is an engineering company,"LTD








                                                    Guangdong, China",,
2L 3L 3.5L 4.5L 5L 5.5L 6L 7.7L 8L 10L 12L Small Large Capacity Digital ElectricAirFryerHot Without Oil OEM Freidora De Airef,https://kerongfs.en.made-in-china.com/product/hTZrbFBYAIWt/China-2L-3L-3-5L-4-5L-5L-5-5L-6L-7-7L-8L-10L-12L-Small-Large-Capacity-Digital-Electric-Air-Fryer-Hot-Without-Oil-OEM-Freidora-De-Airef.html,https://www.micstatic.com/common/img/space.png?_v=1760440855225,Made-in-China,20.85,USD,,,,"Guangdong Kerong Electrical Appliances Co., Ltd.",https://kerongfs.en.made-in-china.com,"Post Sourcing Request
















                                    Guangdong Kerong Electric","No. 4 Erheng Rd., Tianhe Ind Zone, Rongli",,
Hot Digital OvenAirFriyer SmartAirFryerElectric Toaster OvenAirFryerfor Kitchen,https://kerongfs.en.made-in-china.com/product/SfWpordKZVcE/China-Hot-Digital-Oven-Air-Friyer-Smart-Air-Fryer-Electric-Toaster-Oven-Air-Fryer-for-Kitchen.html,https://www.micstatic.com/common/img/space.png?_v=1760440855225,Made-in-China,42.9,USD,,,,"Guangdong Kerong Electrical Appliances Co., Ltd.",https://kerongfs.en.made-in-china.com,"Post Sourcing Request
















                                    Guangdong Kerong Electric","No. 4 Erheng Rd., Tianhe Ind Zone, Rongli",,
Touch Screen > 6L Customaized Sea Shipping ManufactureAirFryerWholesale,https://sunglorycompany.en.made-in-china.com/product/ETdUJMbvZjWV/China-Touch-Screen-gt-6L-Customaized-Sea-Shipping-Manufacture-Air-Fryer-Wholesale.html,https://www.micstatic.com/common/img/space.png?_v=1760440855225,Made-in-China,31.2,USD,,,,GUANGZHOU SHANGGUAN MACHINERY CO.LTD,https://sunglorycompany.en.made-in-china.com,Sun Glory Industry is an engineering company,"LTD








                                                    Guangdong, China",,
Hot Sale 15L RedAirFriyer Electric Power Oil FreeAirFryerOven,https://kerongfs.en.made-in-china.com/product/gxFREQyKsnpX/China-Hot-Sale-15L-Red-Air-Friyer-Electric-Power-Oil-Free-Air-Fryer-Oven.html,https://www.micstatic.com/common/img/space.png?_v=1760440855225,Made-in-China,54.4,USD,,,,"Guangdong Kerong Electrical Appliances Co., Ltd.",https://kerongfs.en.made-in-china.com,"Post Sourcing Request
















                                    Guangdong Kerong Electric","No. 4 Erheng Rd., Tianhe Ind Zone, Rongli",,
ElectricalAirFriyer Manufacturer 15LAirFryer,https://kerongfs.en.made-in-china.com/product/iJyYNaLGJCWm/China-Electrical-Air-Friyer-Manufacturer-15L-Air-Fryer.html,https://www.micstatic.com/common/img/space.png?_v=1760440855225,Made-in-China,54.4,USD,,,,"Guangdong Kerong Electrical Appliances Co., Ltd.",https://kerongfs.en.made-in-china.com,"Post Sourcing Request
















                                    Guangdong Kerong Electric","No. 4 Erheng Rd., Tianhe Ind Zone, Rongli",,
"Large Capacity, 360Â°AirCirculation, Detachable Crumb Tray, Touch Screen, Home Kitchen Cooking Healthy Cooking DigitalAirFryer",https://8c37dd67a2b49b36.en.made-in-china.com/product/EdYaOneHHVAX/China-Large-Capacity-360-deg-Air-Circulation-Detachable-Crumb-Tray-Touch-Screen-Home-Kitchen-Cooking-Healthy-Cooking-Digital-Air-Fryer.html,https://www.micstatic.com/common/img/space.png?_v=1760440855225,Made-in-China,25.0,USD,,,8516609000,"Ningbo Laien Electric Co., Ltd.",https://8c37dd67a2b49b36.en.made-in-china.com,Ningbo Laien Electric Co.,"Chong Shou Town, Ningbo, Zhejiang",,
New Products Home Electronics Kitchen Appliances Digital Cooker Equipment SmartAirDeepFryerfor Kitchen and Restaurant Food Processor,https://8c37dd67a2b49b36.en.made-in-china.com/product/jaxpQrGUTbci/China-New-Products-Home-Electronics-Kitchen-Appliances-Digital-Cooker-Equipment-Smart-Air-Deep-Fryer-for-Kitchen-and-Restaurant-Food-Processor.html,https://www.micstatic.com/common/img/space.png?_v=1760440855225,Made-in-China,10.0,USD,,,8516609000,"Ningbo Laien Electric Co., Ltd.",https://8c37dd67a2b49b36.en.made-in-china.com,Ningbo Laien Electric Co.,"Chong Shou Town, Ningbo, Zhejiang",,
Cross-BorderAirFryerOven Multi-Function ElectricFryerGiftAirFryerHome Large Capacity Oil-Free French Fries Machine WholesaleAirFryer,https://bestsuppliers.en.made-in-china.com/product/rEARWqpMveVU/China-Cross-Border-Air-Fryer-Oven-Multi-Function-Electric-Fryer-Gift-Air-Fryer-Home-Large-Capacity-Oil-Free-French-Fries-Machine-Wholesale-Air-Fryer.html,https://www.micstatic.com/common/img/space.png?_v=1760440855225,Made-in-China,15.23,USD,,,,"Hangzhou Bestsuppliers Foreign Trade Group Co., Ltd.",https://bestsuppliers.en.made-in-china.com,,"No. 35, Hangsheng Science Park, No. 1218 Wenyi West Road",,
"Ultimate HealthyAirFryerfor Crispy, Guilt-Free Cooking",https://cjb-products.en.made-in-china.com/product/nTbRLwMzqfUu/China-Ultimate-Healthy-Air-Fryer-for-Crispy-Guilt-Free-Cooking.html,https://www.micstatic.com/common/img/space.png?_v=1760440855225,Made-in-China,15.8,USD,,,8516609000,"Ningbo Qiaopai Import and Export Co., Ltd",https://cjb-products.en.made-in-china.com,Focus Technology,"Room 1001, No. 535, Tiantong South Road",,
Premium 4.5L GlassAirFryerfor Healthy Cooking,https://cjb-products.en.made-in-china.com/product/wtsULkPzJaYg/China-Premium-4-5L-Glass-Air-Fryer-for-Healthy-Cooking.html,https://www.micstatic.com/common/img/space.png?_v=1760440855225,Made-in-China,18.05,USD,,,8516909000,"Ningbo Qiaopai Import and Export Co., Ltd",https://cjb-products.en.made-in-china.com,Focus Technology,"Room 1001, No. 535, Tiantong South Road",,
Stainless Steel 5.5L Hot Digital Home Electric DeepFryerAirCookerFryerOil Free Visible WindowAirFryer,https://nbyinyu.en.made-in-china.com/product/MmTpHlDoXvWs/China-Stainless-Steel-5-5L-Hot-Digital-Home-Electric-Deep-Fryer-Air-Cooker-Fryer-Oil-Free-Visible-Window-Air-Fryer.html,https://www.micstatic.com/common/img/space.png?_v=1760440855225,Made-in-China,20.3,USD,,,8516609000,Ningbo Yinyu Purification Technology Incorporated Company,https://nbyinyu.en.made-in-china.com,"Post a Sourcing Request Now 











Product Group","Weixi Village, Guanhaiwei Town, Cixi City",,
1500W Low FatAirFryerMulti-Function Electric Deep Cooker,https://sunlabmem.en.made-in-china.com/product/jdIGKslBkvAf/China-1500W-Low-Fat-Air-Fryer-Multi-Function-Electric-Deep-Cooker.html,https://www.micstatic.com/common/img/space.png?_v=1760440855225,Made-in-China,14.0,USD,,,,"Sun Labmem Co., Limited",https://sunlabmem.en.made-in-china.com,"Post Sourcing Request
















                                    Sun Labmem Co.","Room C2, 3/F, on Shing Industrial Building 2-16 Wo Liu Hang Road",,
Multi Function Smokeless Oven Cooker Double Pot Digital Smart LED Display Dual BasketAirFryerDualAirFryers,https://nbyinyu.en.made-in-china.com/product/lEoYqchuZekv/China-Multi-Function-Smokeless-Oven-Cooker-Double-Pot-Digital-Smart-LED-Display-Dual-Basket-Air-Fryer-Dual-Air-Fryers.html,https://www.micstatic.com/common/img/space.png?_v=1760440855225,Made-in-China,35.2,USD,,,8516609000,Ningbo Yinyu Purification Technology Incorporated Company,https://nbyinyu.en.made-in-china.com,"Post a Sourcing Request Now 











Product Group","Weixi Village, Guanhaiwei Town, Cixi City",,
White SmartAirFryerDigital Oil-Free Oven,https://sunlabmem.en.made-in-china.com/product/HOifdjBcGKaN/China-White-Smart-Air-Fryer-Digital-Oil-Free-Oven.html,https://www.micstatic.com/common/img/space.png?_v=1760440855225,Made-in-China,14.0,USD,,,,"Sun Labmem Co., Limited",https://sunlabmem.en.made-in-china.com,"Post Sourcing Request
















                                    Sun Labmem Co.","Room C2, 3/F, on Shing Industrial Building 2-16 Wo Liu Hang Road",,
High-Performance 13LAirFryerfor Food Manufacturers - Consistent Results for Pre-Fried Snacks & Frozen Products,https://upchertech.en.made-in-china.com/product/KEOUpyNPkFYX/China-High-Performance-13L-Air-Fryer-for-Food-Manufacturers-Consistent-Results-for-Pre-Fried-Snacks-Frozen-Products.html,https://www.micstatic.com/common/img/space.png?_v=1760440855225,Made-in-China,19.0,USD,,,,"Guangzhou Upcher Technology Co., Ltd",https://upchertech.en.made-in-china.com,,"Room 917, No, 12",,
4.5L Digital ControlAirFryersMultifunction Electric with Touch Screenno Reviews Yet,https://lexung.en.made-in-china.com/product/lAHpGuoLJhkq/China-4-5L-Digital-Control-Air-Fryers-Multifunction-Electric-with-Touch-Screenno-Reviews-Yet.html,https://www.micstatic.com/common/img/space.png?_v=1760440855225,Made-in-China,11.5,USD,,,,"Cixi Lixiang Sanitary Ware Co., Ltd",https://lexung.en.made-in-china.com,Focus Technology,"710 Cangda Highway, Dabaitou Village, Changhe Town",,
"9.5LAirFryer: Large Capacity Oil-Free Quick Cooking, One-Touch to Start a Healthy and Convenient Kitchen Life",https://cjb-products.en.made-in-china.com/product/jAsYTuhKatpP/China-9-5L-Air-Fryer-Large-Capacity-Oil-Free-Quick-Cooking-One-Touch-to-Start-a-Healthy-and-Convenient-Kitchen-Life.html,https://www.micstatic.com/common/img/space.png?_v=1760440855225,Made-in-China,28.0,USD,,,8516609000,"Ningbo Qiaopai Import and Export Co., Ltd",https://cjb-products.en.made-in-china.com,Focus Technology,"Room 1001, No. 535, Tiantong South Road",,
